year,donor_name,Major_Employment_Bangladesh,Major_Employment_Kenya,Major_Employment_Uganda,Major_Not employment_Bangladesh,Major_Not employment_Kenya,Major_Not employment_Nigeria,Major_Not employment_Uganda,Minor_Employment_Bangladesh,Minor_Employment_Kenya,Minor_Employment_Nigeria,Minor_Employment_Uganda,Minor_Not employment_Bangladesh,Minor_Not employment_Kenya,Minor_Not employment_Nigeria,Minor_Not employment_Uganda,None_Not employment_Bangladesh,None_Not employment_Kenya,None_Not employment_Nigeria,None_Not employment_Uganda
2012,African Development Bank,0,0,0,0,0,0,0,0,0,0,0,0,0,0,0,0,0.099522,0.0602482,0
2012,African Development Fund,0,0,0,0,0,0,0,0,0,0,0,0,0,0,0,0,186.1873325,45.08161,136.441945
2012,Arab Bank for Economic Development in Africa,0,0,0,0,0,0,0,0,0,0,0,0,0,0,0,0,0.6417479399,1.96492,0.0432289
2012,Asian Development Bank,0,0,0,0,0,0,0,0,0,0,0,0,0,0,0,329.5272526,0,0,0
2012,Australia,0,0,0,0.00219822,0.00165539,0,0.000106799,0,0,0,0,0.42393,0,0,0,93.9680456247,16.6458094445,3.9033341137,6.19089727548
2012,Austria,0,0,0,0,0,0,0,0,0,0,0,0,0,0,0,0.5058177,1.11628304,0.83160973,9.052633854
2012,Belgium,0,0,0,0,0,0,0,0,0,0,0,0,0,0,0.1226891,1.58642919,6.6363254,0.01630881,19.99055713
2012,Bill & Melinda Gates Foundation,0,0,0,0,0,0,0,0,0,0,0,0,0,0,0,35.834014147,56.099831302,117.984938704,34.77367454
2012,Canada,0.3425756,0,0,0.00981978,0.13343495,0,0,0,0,0,0,6.524806,0,0,0,21.909367329,37.446351635,32.201517064,11.090381213
2012,Climate Investment Funds,0,0,0,0,0,0,0,0,0,0,0,0,0,0,0,0,0,0,0
2012,Czech Republic,0,0,0,0,0,0,0,0,0,0,0,0,0,0,0,0.00924,0.2262534,0.3246635,0.0445915
2012,Denmark,0,0,0.267039,0,0,0,0.288104,0,0,0,0,0,0,0,0.253418,57.2210469,55.52302187,3.0633486,58.04676268
2012,EU Institutions,0,0,0,0,0.5572399,0,0.0766882,0,0,0,0,0.018271,0.519288,0,0,118.656245987,204.775698305,123.545149509,123.754599367
2012,Finland,0,0.0307167,0,0.0910573,0.44649643,0,0,0.202141,0,0,0,0,0.0419543,0,0,0.4381677,23.7840353,0.8960563,3.23643716
2012,France,0,0,0,0,0,0,0,0,0,0,0,0,0,0,0,4.784647526,104.693901768,6.48343898,1.31379217
2012,Germany,0,0,0,0.114781,0.142146,0,0,0,0,0,0,0,0,0,0.121539,77.848754693,340.962623227,37.339412672,45.22060134
2012,Global Alliance for Vaccines and Immunization,0,0,0,0,0,0,0,0,0,0,0,0,0,0,0,24.375736,41.757758303,40.81486,11.2814309
2012,Global Environment Facility,0,0,0,0,0,0,0,0,0,0,0,0,0,0,0,3.8504934,3.6576717,7.62378407,3.1213907
2012,Global Fund,0,0,0,0,0,0,0,0,0,0,0,0,0,0,0,26.5698713,74.973161,203.36043,137.1587
2012,Greece,0,0,0,0,0,0,0,0,0,0,0,0,0,0,0,0.1414098,0.2746822,1.162917,0.15403394
2012,IFAD,0,0,0,0,0,0,0,0,0,0,0,0,0,0,0,0,0,0,0
2012,IMF (Concessional Trust Funds),0,0,0,0,0,0,0,0,0,0,0,0,0,0,0,129.319,203.466,0,0
2012,Iceland,0,0,0,0,0,0,0,0,0,0,0,0,0,0,0,0,0.2938012,0,3.985392
2012,International Development Association,0,0,0,0.0245073,0,0,0,0,0,0,0,0,0,0,0,650.05398686,276.95188672,486.2301137,182.76036821
2012,International Labour Organisation,0,0,0,0,0,0,0,0,0,0,0,0,0,0,0,0.8955802,0.33743589,0.35573534,0.33271472
2012,Ireland,0,0,0,0,0,0,0,0,0,0,0,0,0,0,0,1.6757725,8.5804287,1.6338435,28.30597802
2012,Islamic Development Bank,0,0,0,0,0,0,0,0,0,0,0,0,0,0,0,8.47232,0,2.341849,0.9622
2012,Italy,0,0,0,0,0,0.0289078,0,0,0,0,0,0,0,0,0,0.66248505,3.974520797,0.13558361,5.290891663
2012,Japan,0,0,0,0.0838949,0,0,0,0.0839155,0,0,0,0,0,0,0,331.196237184,166.5145527638,35.4720049514,50.7716985768
2012,Korea,0,0,0,0.0832368,0,0,0,0,0,0,0,0,0.273031,0,0,52.26181164,10.12640959,4.64910256,4.30545364
2012,Kuwait,0,0,0,0,0,0,0,0,0,0,0,0,0,0,0,7.631278,0.26468,0,0
2012,Luxembourg,0,0,0,0,0,0,0.166617,0,0,0,0,0,0,0,0,1.3123126,0.2659659761,0,0.0953348
2012,Netherlands,0,0,0,0,0,0,0,0,0,0,0,0,0,0,0,60.6932289,27.14623294,2.53949855,23.54603304
2012,New Zealand,0,0,0,0,0,0,0,0,0,0,0,0.318324,0,0,0,0.2091123,0.97523626,0,0
2012,Nordic Development Fund,0,0,0,0,0,0,0,0,0,0,0,0,0,0,0,0,0,0,8.16585
2012,Norway,0,0,0,0,0.10552,0,0.236611,0,0,0,0,0,0,0,1.13839948,12.96193698,14.8591237409,6.73881204,40.975759671
2012,OPEC Fund for International Development,0,0,0,0,0,0,0,0,0,0,0,0,0,0,0,7.28173565,3.3981019,0,0.236267
2012,Portugal,0,0,0,0,0,0,0,0,0,0,0,0,0,0,0,0,0,0.0612082,0
2012,Slovenia,0,0,0,0,0,0,0,0,0,0,0,0,0,0,0,0,0.01525638,0,0.0596521
2012,Spain,0,0,0,0,0,0,0,0,0,0,0,0,0,0,0,0.5572225,1.00862834,0.012265816,0.411609847
2012,Sweden,0,0,0,0,0,0,0,0,0,0,0,0.255381,0,0,0,36.753928977,69.701875725,0.590824802,32.01349176
2012,Switzerland,0,0,0,0,0,0,0,0,0,0,0,0,0,0,0,30.532031186,11.297481112,3.23337698,1.9330105
2012,UN Peacebuilding Fund,0,0,0,0,0,0,0,0,0,0,0,0,0,0,0,0,0.0958497,0,5.968386
2012,UNAIDS,0,0,0,0,0,0,0,0,0,0,0,0,0,0,0,0.3615203,0.93934887,1.64555825,0.88759009
2012,UNDP,0,0,0,0,0,0,0.0920423,0,0,0,0,0,0,0,0,14.0321864749,7.530638006,13.780787459,6.804655234
2012,UNFPA,0,0,0,0,0,0,0,0,0,0,0,0,0,0,0,5.127467536,4.87162849048,7.00582292416,6.1702550548
2012,UNHCR,0,0,0,0,0,0,0,0,0,0,0,0,0,0,0,1.08335,0,2.17668,15.2259
2012,UNICEF,0,0,0,0.00293309,0,0,0.0755137,0,0,0,0,0,0,0,0,13.2674125661,9.619764804,49.480686013,22.848304882
2012,United Arab Emirates,0,0,0,0,0,0,0,0,0,0,0,0,0,0,0,0.1110807,1.52207723,0.83067521,0.29177977
2012,United Kingdom,0,0,0.178512,0,0.01080378,0,0.139391,0,0,0,2.11525889,0,0,0,11.4666811,273.645722211,158.785034237,305.5195652254,119.296248326
2012,United States,0,0,0,0.0917991,0.8050563,0.0453814,0.0259939,0,0,0,0,0.114663,3.32117313,0.0160411,0.00031305,228.5277765994,882.1115658647,451.4077262394,412.8380705665
2012,WFP,0,0,0,0,0,0,0,0,0,0,0,0,0,0,0,9.56629661,22.2740648,0,10.931891
2012,World Health Organisation,0,0,0,0,0,0,0,0,0,0,0,0,0,0,0,3.236024455,1.09598116,2.77313136,1.853080363
2013,African Development Bank,0,0,0,0,0,0,0,0,0,0,0,0,0,0,0,0,0.0770376,0,0.0396967
2013,African Development Fund,0,0,0,0,0,0,0,0,0,0,0,0,0,0,0,0,232.518221,144.989028,141.397622
2013,Arab Bank for Economic Development in Africa,0,0,0,0,0,0,0,0,0,0,0,0,0,0,0,0,0.28757,0.583382,0.3068025
2013,Asian Development Bank,0,0,0,0,0,0,0,0,0,0,0,0,0,0,0,319.459939014,0,0,0
2013,Australia,0,0,0,0,0,0,0.0750599,0,0,0,0,0.992562,0.5909465,0.0375663,0.1224381,75.124588157,32.668406251,3.0049073422,5.3195304709
2013,Austria,0,0,0,0,0,0,0,0,0,0,0,0,0,0,0,0.4328976,1.44938252,0.596392277,17.104187712
2013,Belgium,0,0,0,0,0,0,0,0,0,0,0,0,0,0,0.0739502,1.703126,16.0712195,0.018761597,13.941141917
2013,Bill & Melinda Gates Foundation,0,0,0,0,0,0,0,0,0,0,0,0,0,0,0,30.22225174,71.12057179,130.101764969,34.90617591
2013,C&A Foundation,0,0,0,0,0,0,0,0,0,0,0,0,0,0,0,1.57329238,0,0,0
2013,Canada,0.8401324,0,0,0.00847127,0.00802204,0,0,5.93631,0,2.67936,0,1.9040385,0,0,0,58.8812649071,38.632755654,27.94516669,10.22357831
2013,Charity Projects Ltd (Comic Relief),0,0,0,0,0,0,0,0,0,0,0.5684438,0,0,0,0,0.76142692,0.2889434,0,5.315411434
2013,Climate Investment Funds,0,0,0,0,0,0,0,0,0,0,0,0,0,0,0,1.8181919,1.35554,0,0
2013,Conrad N. Hilton Foundation,0,0,0,0,0,0,0,0,0,0,0,0,0,0,0,0,3.8143258,0.439993,0.254607
2013,Czech Republic,0,0,0,0,0,0,0,0,0,0,0,0,0,0,0,0.0112773,0.08855157,0.31721742,0.0085214
2013,Denmark,0,0,0,0,0,0,0,0,0,0,0,0,0,0,0.109894,29.54237684,47.93228937,0.0784959,49.452853378
2013,EU Institutions,0,0,0,1.208486,0,0,0,0,0,0,0,0,0.989456,0,0,104.98705407,226.28292433,115.0096373043,79.836376605
2013,Estonia,0,0,0,0,0,0,0,0,0,0,0,0,0.0271976,0,0.0271976,0,0,0,0.0284339
2013,Finland,0,0.337168,0,0,0.0523276,0,0.140355,0.295129,0,0,0,0.1981661,0.0901691,0,0.187916,0.2514009,25.84561835,0.8894329,3.35979465
2013,Food and Agriculture Organisation,0,0,0,0,0,0,0,0,0,0,0,0,0,0,0,1.53271865,0.517402505,0.4014945,0.16844112
2013,France,0,0,0,0,0,0,0,0,6.64063e-05,0,0,0,0,0,0,9.043742526,167.620090265,39.976043744,4.6593955353
2013,Gatsby Charitable Foundation,0,0,0,0,0,0,0,0,0,0,0,0,0,0,0,0,0.151822,0,0.2096063
2013,Germany,0,0,0,0.2549654,0.1977112,0.0785008,0,0,0,0,0,0,0,0,0,101.049120298,102.696182728,67.083922774,41.762773229
2013,Global Alliance for Vaccines and Immunization,0,0,0,0,0,0,0,0,0,0,0,0,0,0,0,88.78997456,36.3705148,134.5902876,28.3169185
2013,Global Environment Facility,0,0,0,0,0,0,0,0,0,0,0,0,0,0,0,3.7041144,2.7041716,6.08903308,2.0674396
2013,Global Fund,0,0,0,0,0,0,0,0,0,0,0,0,0,0,0,66.0366,108.050703,191.55145,54.682216
2013,Greece,0,0,0,0,0,0,0,0,0,0,0,0,0,0,0,0.06810556,0.0189575,0.02791196,0.0315958
2013,H&M Foundation,0,0,0,0,0,0,0,0,0,0,0,0,0,0,0,0.821253,0,0,0
2013,IFAD,0,0,0,0,0,0,0,0,0,0,0,0,0,0,0,0,0,0,0
2013,IMF (Concessional Trust Funds),0,0,0,0,0,0,0,0,0,0,0,0,0,0,0,381.798,200.236,0,0
2013,Iceland,0,0,0,0,0,0,0,0,0,0,0,0,0,0,0,0,0,0,5.3427475
2013,International Development Association,0,0,0,2.05645,0,0,0,0,0,0,0,0,0,0,0,616.615895781,449.02418292,677.4332258,333.8802755
2013,International Labour Organisation,0,0,0,0,0,0,0,0,0,0,0,0,0,0,0,1.782132263,0.379283999,0.39200896,0.3420728
2013,Ireland,0,0,0,0,0,0,0,0,0,0.010786,0,0,0,0,0.108034,1.469622,8.38869257,1.15937536,28.36242166
2013,Islamic Development Bank,0,0,0,0,0,0,0,0,0,0,0,0,0,0,0,5.05412,0,2.63064,2.19439
2013,Italy,0,0,0,0,0.0122407,0.0204012,0,0,0,0.0204012,0,0,0,0,0,2.548319311,11.559447486,0.46123283,2.938888386
2013,Japan,0,0,0,0,0,0,0,0,0,0,0,0,0,0,0.1246083,393.63847102814,305.47578807068,36.29591636566,51.8897339125
2013,Korea,0,0,0,0.132706,0,0,0,0,0,0,0,0.0670341,0.270509,0,0,49.846284809,5.93068498,4.87171444,12.02644781
2013,Kuwait,0,0,0,0,0,0,0,0,0,0,0,0,0,0,0,6.214871,0.54614,0,0.988752
2013,Luxembourg,0,0,0,0,0,0,0.163857,0,0,0,0,0,0,0,0,1.98978632,0.5917725665,0.297233,0.0945746
2013,MetLife Foundation,0,0,0,0,0,0,0,0,0,0,0,0,0,0,0,0.15913,0,0,0
2013,Netherlands,0,0,0,0,0,0,0,0,0,0,0,0,0,0,0,62.78101124,29.49944661,2.34992165,31.5370726515747
2013,New Zealand,0,0,0,0,0,0,0,0,0,0,0,0,0,0,0,0.3883096,1.4253704,0.000230968,0
2013,Nordic Development Fund,0,0,0,0,0,0,0,0,0,0,0,0,0,0,0,2.17375,0,0,0.652129
2013,Norway,0,0,0,0.0484243,0.241202,0,0.2132599,0,0,0,0,0,0.0762046,0,1.3600305,9.80321316,17.32673404,7.24998077,58.44569295
2013,OPEC Fund for International Development,0,0,0,0,0,0,0,0,0,0,0,0,0,0,0,4.437771,0.655169,0,0.38114129
2013,Poland,0,0,0,0,0,0,0,0,0,0,0,0,0,0,0,0.00641299,0.26039952,0.06971172,0.07277537
2013,Portugal,0,0,0,0,0,0,0,0,0,0,0,0,0,0,0,0,0,0.05509797,0
2013,Slovak Republic,0,0,0,0,0.00325988,0,0,0,0,0,0,0,0,0,0,0,1.383911985,0.000563225,0.00543597
2013,Slovenia,0,0,0,0,0,0,0,0,0,0,0,0,0,0,0,0,0,0,0.0352445
2013,Spain,0,0,0,0,0,0,0,0,0,0,0,0,0.00229638,0,0,0.58765268,0.69416913,0.49107684,0.45478585
2013,Sweden,0,0,0,0.08023,0,0,0,0,0,0,0,0.107394,0,0,0.0252693,37.605987914,67.148377375,0.97041692,37.13613986
2013,Switzerland,0,0,0,0,0.0645945,0,0,0,0,0,0,0,0,0,0,33.445784005,8.6051156598,3.24247519,1.261116
2013,UN Peacebuilding Fund,0,0,0,0,0,0,0,0,0,0,0,0,0,0,0,0,0,0,0.45151966
2013,UNAIDS,0,0,0,0,0,0,0,0,0,0,0,0,0,0,0,0.450524676,1.7125519,2.375655,1.400813
2013,UNDP,0,0,0,0,0,0,0,0,0,0,0,0,0,0,0,14.593442764,6.9611224399,11.43885328,8.11252368
2013,UNFPA,0,0,0,0,0,0,0,0,0,0,0,0,0,0,0,6.777506656,3.98367463,7.32663926141,5.92339025
2013,UNHCR,0,0,0,0,0,0,0,0,0,0,0,0,0,0,0,0,6.49071,2.54616,0.0111639
2013,UNICEF,0,0,0,0,0,0,0,0,0,0,0,0,0,0,0,22.1709470286,11.0150832424,52.107784319,19.2980910514
2013,United Arab Emirates,0,0,0,0,0,0,0,0,0,0,0,0,0,0,0,0.089328975,1.17904203,0.123933275,0.2662039141
2013,United Kingdom,0,0,0,0.0356777,0.196858,0,0.0996528,0,0,0,1.34478,0,0,0,12.31272173,373.2763840275,223.81775382,348.2407497889,134.662004965
2013,United States,0,0,0,0.0301285,2.4019459,0.00175043,0,0,0,0,0,0,3.714331,0,0.310133,185.3872642252,943.3061922544,577.2111341494,486.7020632285
2013,WFP,0,0,0,0,0,0,0,0,0,0,0,0,0,0,0,5.6822137,18.0795797,0,7.4887873
2013,World Health Organisation,0,0,0,0,0,0,0,0,0,0,0,0,0,0,0,4.8247116,1.579223683,7.1350390422,1.259964306
2014,Adaptation Fund,0,0,0,0,0,0,0,0,0,0,0,0,0,0,0,0,4.52216,0,0
2014,African Development Bank,0,0,0,0,0,0,0,0,0,0,0,0,0,0,0,0,0.0479473,0.200257,0.0337203
2014,African Development Fund,0,0,0,0,0,0,0,0,0,0,0,0,0,0,0,0,215.228332,30.568185,111.7135782
2014,Arab Bank for Economic Development in Africa,0,0,0,0,0,0,0,0,0,0,0,0,0,0,0,0,0.9433131,1.58378,3.3015554
2014,Asian Development Bank,0,0,0,0,0,0,0,0,0,0,0,0,0,0,0,414.5081911074,0,0,0
2014,Australia,0,0,0,0,0,0,0,0,0,0,0,0.735174,0,0,0,74.953546923,7.65614627232,2.09934232342,3.15634646934
2014,Austria,0,0,0,0,0,0,0.0035475,0,0,0,0,0,0,0,0,0.48051119,1.83844193,0.76788472,10.83133689
2014,Belgium,0,0,0,0,0,0,0,0.173435,0,0,0,0,0,0,0.0750608,1.31123409,10.43817555,0.12913089,21.388514073
2014,Bill & Melinda Gates Foundation,0,0,0,0,0,0,0,0,0,0,0,0,0,0,0,21.69089767,46.94352243,197.0496122,40.59076578
2014,C&A Foundation,0,0,0,0,0,0,0,0,0,0,0,0,0,0,0,1.93700915,0,0,0
2014,Canada,0.71452683,0,0,0,0,0,0,4.64153,0,0,0,0,0.537473,1.01327,0,57.055704261,39.468283484,16.989619657,6.385049184
2014,Charity Projects Ltd (Comic Relief),0,0,0,0,0,0,0,0,0,0,0,0.112225,0,0,0,2.537817,8.1769845,0,9.79358847
2014,Climate Investment Funds,0,0,0,0,0,0,0,0,0,0,0,0,0,0,0,1.5026873,7.81967,0,0
2014,Conrad N. Hilton Foundation,0,0,0,0,0,0,0,0,0,0,0,0,0,0,0,0,3.0364605,0.0973491,0
2014,Cyprus,0,0,0,0,0,0,0,0,0,0,0,0,0,0,0,0,0,0,0.00547377
2014,Czech Republic,0,0,0,0,0,0.00663471,0,0,0,0,0,0,0,0,0,0.01859512,0.0492446,0.0270125,0.0082906
2014,Denmark,0,0,0,0,0,0,0,0,0,0,0,0.00963405,0,0,0,31.450180092,47.111299276,0,44.90912758
2014,EU Institutions,0,0,0.126127,1.389247,0.7819856,0,0.271534,0,0,0,0,0,0.508335,0,0,84.83459619,182.4793662636,107.66990821,134.618091768
2014,Estonia,0,0,0,0,0,0,0,0,0,0,0,0,0,0,0,0,0,0,0.0419792
2014,Finland,0.00744954,0.3492488,0,0.13253999,0.05806199,0,0.08555735,0.284848,0.1720067,0,0,0.0782324,0.731979,0,1.1539083,0.29633034,48.586334674,0.82477972,2.843760399
2014,France,0,0,0,0,0,0,0,0,0,0,0,0,0,0,0,3.853314096,110.660127267,70.95030091,8.34999466
2014,Gatsby Charitable Foundation,0,0,0,0,0,0,0,0,0,0,0,0,0,0,0,0,0.4899056,0,0.4617859
2014,Germany,0,0,0,0.481322,0.07448152,0,0,0,0,0,0,0,0,0,0,60.041977141,108.905902349,55.4695631829,43.000774006
2014,Global Alliance for Vaccines and Immunization,0,0,0,0,0,0,0,0,0,0,0,0,0,4.39584,0,32.8389803,23.88295778,65.7059262,32.4581877
2014,Global Environment Facility,0,0,0,0,0,0,0,0,0,0,0,0,0,0,0,3.584531,2.7585916,7.4138597,4.2724893
2014,Global Fund,0,0,0,0,0,0,0,0,0,0,0,0,0,0,0,16.035145,108.955217,216.00228,52.106894
2014,Greece,0,0,0,0,0,0,0,0,0,0,0,0,0,0,0,0.04543769,0.0376959,0.029380689,0.0383137
2014,H&M Foundation,0,0,0,0,0,0,0,0,0,0,0,0,0,0,0,1.5945306,0,0,0
2014,Hungary,0,0,0,0,0,0,0,0,0,0,0,0,0,0,0,0,0.0198768,0.1716118,0.04296704
2014,IFAD,0,0,0,0,0,0,0,0,0,0,0,0,0,0,0,0,0,0,0
2014,IMF (Concessional Trust Funds),0,0,0,0,0,0,0,0,0,0,0,0,0,0,0,126.754,0,0,0
2014,Iceland,0,0,0,0,0,0,0,0,0,0,0,0,0,0,0,0,0,0,3.939545
2014,International Development Association,0,0,0,2.63912,0,0,0,0,0,0,0,0,0,0,0,736.68211832,529.867443,844.914622037,161.60824992
2014,International Labour Organisation,0,0,0,0,0,0,0,0,0,0,0,0,0,0,0,1.01974443,0.40544237,0.47807015,0.36820238
2014,Ireland,0,0,0,0,0,0,0,0,0,0,0,0,0.0603554,0,0.11459788,1.5390622,7.452116188,0.5584364,33.13850287
2014,Islamic Development Bank,0,0,0,0,0,0,0,0,0,0,0,0,0,0,0,18.0391,0,7.42347,8.80752
2014,Italy,0,0,0,0,0.112558,0.0767878,0,0,0,0,0,0,0,0,0,1.678309888,6.471136331,0.029818304,6.161491877
2014,Japan,0,0,0,0,0,0,0,0,0,0,0,0,0,0,0,391.09450986442,108.04192689561,33.88743514474,82.64746443993
2014,Korea,0,0,0,1.573289,0,0,0,0,0,0,0,0.148369,0.219643,0,0,71.537430231,3.838886473,3.02391742,12.39273499
2014,Kuwait,0,0,0,0,0,0,0,0,0,0,0,0,0,0,0,2.375262,1.521001,0,1.63308
2014,Luxembourg,0,0,0,0,0.115766,0,0,0,0,0,0,0,0,0,0,2.0217117,0.2613699,0.289416,0.0991606
2014,MetLife Foundation,0,0,0,0,0,0,0,0,0,0,0,0,0,0,0,1.38385,0,0,0
2014,Netherlands,0,0,0,0,0,0,0,0,0,0,0,0,0,0,0,61.1109439,28.31322291,2.25266085,19.0793893
2014,New Zealand,0,0,0,0,0,0,0,0,0,0,0,0.277535,0,0,0,0.354633,0.93223697,0.1005099,0.027111744
2014,Nordic Development Fund,0,0,0,0,0,0,0,0,0,0,0,0,0,0,0,4.997066,0,0,0.678301
2014,Norway,0,0,0,0,0.241326,0,0.2513953,0,0,0,0,0,0.120663,0,1.174688,7.33332237,12.50822573,9.62510947,48.19044569
2014,OPEC Fund for International Development,0,0,0,0,0,0,0,0,0,0,0,0,0,0,0,7.037495,1.5429991,0,10.6572
2014,Poland,0,0,0,0,0,0,0,0,0,0,0,0,0,0,0,0.01452388,0.9659934,0.05575517,0.30579785
2014,Portugal,0,0,0,0,0,0,0,0,0,0,0,0,0,0,0,0,0,0.000594057,0
2014,Romania,0,0,0,0,0,0,0,0,0,0,0,0,0,0,0,0,0.0160446,0.0854251,0.0017135
2014,Slovak Republic,0,0.00340412,0,0,0.0079458,0,0,0,0,0,0,0,0,0,0,0,1.04515098,0,0.01134136
2014,Slovenia,0,0,0,0,0,0,0,0,0,0,0,0,0,0,0,0,0,0,0.0349681
2014,Spain,0,0,0,0,0,0,0,0,0,0,0,0,0.027758874,0,0.0367626043,0.03111843,0.535708903,0.129212,0.1307443886
2014,Sweden,0.195083,0,0,0.0788528,0,0,0,0,0,0,0,0.105551,0,0,0.3495605,41.646420846,62.2796630665,0.879036854,30.52305029
2014,Switzerland,0,0,0,0,0,0,0,0,0,0,0,0,0,0,0,30.208805571233,8.71184998,2.14048745,1.040186
2014,UN Peacebuilding Fund,0,0,0,0,0,0,0,0,0,0,0,0,0,0,0,0,0,0,0.302502
2014,UNAIDS,0,0,0,0,0,0,0,0,0,0,0,0,0,0,0,0.4711449,1.5249561,2.02323771,0.9043887
2014,UNDP,0,0,0,0,0,0,0,0,0,0,0,0,0,0,0,11.5192838832,5.0557094832,10.345866242,9.858195345
2014,UNFPA,0,0,0,0,0,0,0,0,0,0,0,0,0,0,0,6.81530778,5.433909844,7.339966326,5.79731775105295
2014,UNICEF,0,0,0,0,0,0,0,0,0,0,0,0,0,0,0,21.9637224327,12.360476639,51.1233185779,20.740907747
2014,United Arab Emirates,0,0,0,0,0,0,0,0,0,0,0,0,0,0,0,0.16304541,2.09789059,0.13109702,0.30471585
2014,United Kingdom,0,0,0,0.122171,0.0456611,0,0.259429,0,0,0,0,0,0,0,21.96424743,280.646838962,189.47208341,332.583182722,142.279959328
2014,United States,0,0,0,0.00497678,1.077212,0.04185482,0,1.68579,0,0,0,0,3.0672222,0.0493097,0.0156175,263.1581258797,839.7614655983,505.7417453887,490.6729636364
2014,WFP,0,0,0,0,0,0,0,0,0,0,0,0,0,0,0,5.12194208,8.152768761,0,5.250999
2014,World Health Organisation,0,0,0,0.0705171,0,0.0285116,0,0,0,0,0,0,0,0,0,5.2376776,1.516082956,2.1883625701,1.31088751
2015,African Development Bank,0,0,0,0,0,0,0,0,0,0,0,0,0,0,0,0,0,0.71881219,0.0406395
2015,African Development Fund,0,0,0,0,0,0,0,0,0,0,0,0,0,0,0,0,263.3128681,104.2176788,113.743208
2015,Arab Bank for Economic Development in Africa,0,0,0,0,0,0,0,0,0,0,0,0,0,0,0,0,1.4218821,0.18356,8.2003617
2015,Arcus Foundation,0,0,0,0,0,0,0,0,0,0,0,0,0,0,0,0,0.4249371,0,0.2781406
2015,Asian Development Bank,0,0,0,0,0,0,0,0,0,0,0,0,0,0,0,357.535933062,0,0,0
2015,Australia,0,0,0,0.147375,0,0.345482,0.0436868,0,0,0,0,0.500232,0,0,0,51.6339435878,8.23131362352,1.88673405706,3.92835456476
2015,Austria,0,0,0,0,0,0,0.0231486,0,0,0,0,0,0,0,0,0.86729522,2.96821958,0.81592781,11.09363781
2015,Belgium,0,0,0,0,0,0,0.0105009,0.140592,0,0,0,0,0,0.262522,0,1.3071096,13.37433462,0.09414966,17.65539494
2015,Bill & Melinda Gates Foundation,0,0,0,0,0,0,0,0,0,0,0,0,0,5.314576,0,32.11523604,54.553420228,222.65654159,36.636085344
2015,C&A Foundation,0,0,0,0,0,0,0,0,0,0,0,0,0,0,0,0.298981081,0,0,0
2015,Canada,0.84209118,0,0,0,0,0.0142684,0,7.6930606,0,0,0.1929327,0,0,0.0401339,0.956936,41.2714744485,35.388174271,29.10480692,7.682130944
2015,Charity Projects Ltd (Comic Relief),0,0,0.6436133,0,0,0,0,0,0,0.00531946,0,0,0.384524,0,0.355991,0.5949825,7.50131568,0.13586596,7.18516942
2015,Climate Investment Funds,0,0,0,0,0,0,0,0,0,0,0,0,0,0,0,0.1572718,4.37793,0.218496,0
2015,Conrad N. Hilton Foundation,0,0,0,0,0,0,0,0,0,0,0,0,0,0,0,0,3.4278269,0.2832919,0.144221
2015,Czech Republic,0,0,0,0,0,0,0,0,0,0,0,0,0,0,0,0.0238011,0.10360311,0.02063915,0.0878675
2015,Denmark,0,0,0,0,0,0,0,0,0,0,0,0,0,0,0,22.135524051,60.603533718,0.7182037,30.789317609
2015,EU Institutions,0,0,0.0993398,1.4051609,0,0,0.012416,0,0,0,0,0,0.73636,0,0.185954,80.86185178,135.3145323242,106.89434946,126.370995793
2015,Estonia,0,0,0,0,0,0,0,0,0,0,0,0,0.0213986,0,0.0213986,0,0.0130769,0,0.0725176
2015,Finland,0.01588233,0.002024996,0,0.026745551,0.126572757,0,0.161554655,0.340454414,0.72521266,0,0,0.18189028,0.53760266,0,1.016025863,0.243076143,30.63048426,0.2300704,5.129534428
2015,France,0,0,0,0,0,0,0,0,0,0,0,0,0,0,0,3.101335983,105.1729936,33.43913839,10.80989613
2015,Gatsby Charitable Foundation,0,0,0,0,0,0,0,0,0,0,0,0,0,0,0,0,1.07269,0,0
2015,Germany,0,0,0,0.8148333,0.1220901,0,0.226248,0,0,0,0,2.76276423,0.290061,0,0,83.054657937,73.509432585,35.8174280328,55.041895952
2015,Global Alliance for Vaccines and Immunization,0,0,0,0,0,0,0,0,0,0,0,0,0,0,0,87.446006,70.1626575,131.991983,42.3720066
2015,Global Environment Facility,0,0,0,0,0,0,0,0,0,0,0,0,0,0,0,4.733705,4.233801,4.7179433,5.1619414
2015,Global Fund,0,0,0,0,0,0,0,0,0,0,0,0,0,0,0,41.198646,116.07101,179.1674869,112.339932
2015,Global Green Growth Institute,0,0,0,0,0,0,0,0,0,0,0,0,0,0,0,0,0,0,0.0606147
2015,Greece,0,0,0,0,0,0,0,0,0,0,0,0,0,0,0,0.02306396,0.0343652,0.02306063,0.03729292
2015,Green Climate Fund,0,0,0,0,0,0,0,0,0,0,0,0,0,0,0,0,0,0,0
2015,H&M Foundation,0,0,0,0,0,0,0,0,0,0,0,0,0,0,0,1.406824,0,0,0
2015,Hungary,0,0,0,0,0,0,0,0,0,0,0,0,0,0,0,0.00544278,0.03678938,1.012017,0.0292673
2015,IFAD,0,0,0,0,0,0,0,0,0,0,0,0,0,0,0,37.17238,8.7960663,13.575,16.0821954
2015,IMF (Concessional Trust Funds),0,0,0,0,0,0,0,0,0,0,0,0,0,0,0,259.069,0,0,0
2015,Iceland,0,0,0,0,0,0,0,0,0,0,0,0,0,0,0,0,0,0,4.2765659
2015,International Atomic Energy Agency,0,0,0,0,0,0,0,0,0,0,0,0,0,0,0,0.829063,0.389127,0.404034,0.389644
2015,International Development Association,0,0,0,6.53683,0,0,0,0,0,0,0,0,0,0,0,894.9089059211,478.32250968,784.426083724,227.2692137
2015,International Labour Organisation,0,0,0,0,0,0,0,0,0,0,0,0,0,0,0,1.78563449,0.30149029,0.58672539,0.244050099
2015,Ireland,0,0,0,0,0,0,0.0888535,0,0,0,0,0,0,0,0,1.32258891,8.0452245694,1.31515173,25.67030729
2015,Islamic Development Bank,0,0,0,0,0,0,0,0,0,0,0,0,0,0,0,11.7627,0,1.14125,16.9665
2015,Israel,0,0,0,0,0,0,0,0,0,0,0,0,0,0,0,0,0.485093,0.062332,0.0339994
2015,Italy,0,0,0.0171597,0,0.03260983,0.0128126,0,0,0,0,0,0,0.00720709,0,0,0.68920527,21.527677436,0.72720855,3.55345438
2015,Japan,0,0,0,0,0.0755659,0,0.0653573,0,0,0,0,0,0,0,0,502.137941118,241.138638571,92.06500753,75.979521296
2015,Korea,0,0,0,0.1468751,0,0,0,0,0,0,0,0.134571,0,0,0,59.96432736,6.1811455,5.76833071,24.24419055
2015,Kuwait,0,0,0,0,0,0,0,0,0,0,0,0,0,0,0,7.0674999,0.563265,0,1.439373
2015,Luxembourg,0,0,0,0,0,0,0,0,0,0,0,0,0,0,0,2.02351457,0.60103753,0.871623,0.0823974
2015,Malta,0,0,0,0,0,0,0,0,0,0,0,0,0,0,0,0,0.0564841,0,0.0365402
2015,MetLife Foundation,0,0,0,0,0,0,0,0,0,0,0,0,0,0,0,1.4723613,0,0,0
2015,Netherlands,0,0,0,0,0,0,0,0,0,0,0,0,0,0,0,48.13342483,19.82368967,7.6840119,15.1712064114571
2015,New Zealand,0,0,0,0,0,0,0,0,0,0,0,0.194507,0,0,0,0.1916815,1.3359828,0.1852028,0.1327614
2015,Nordic Development Fund,0,0,0,0,0,0,0,0,0,0,0,0,0,0,0,0.475153,0.0421255,0,0.0704226
2015,Norway,0,0,0,0,0.248333,0,0.3547615,0,0,0,0,0,0,0,3.297359,4.26820869,13.70216567,17.70773455,42.95363765
2015,OPEC Fund for International Development,0,0,0,0,0,0,0,0,0,0,0,0,0,0,0,14.52192,1.712817,0,8.808205
2015,Poland,0,0,0,0,0,0,0,0,0,0,0,0,0,0,0,0.00974211,0.66358325,0.0194842,0.23712017
2015,Romania,0,0,0,0,0,0,0,0,0,0,0,0,0,0,0,0.0135202,0.03198066,0.532503,0.00414778
2015,Russia,0,0,0,0,0,0,0,0,0,0,0,0,0,0,0,0,0,0,1.23934
2015,Saudi Arabia,0,0,0,0,0,0,0,0,0,0,0,0,0,0,0,0,0,0,0.0912744
2015,Slovak Republic,0,0,0,0,0.00682382,0,0,0,0,0,0,0,0,0,0,0,1.3468856,0,0.02047146
2015,Slovenia,0,0,0,0,0,0,0,0,0,0,0,0,0,0,0,0,0.0692284,0,0.0276914
2015,Spain,0,0,0,0,0,0,0,0,0,0.00084337,0,0,0,0,0,0.01089354,0.3667845995,0.0491645,0.15514799
2015,Sweden,0.0757589,0,0,0.128191,0,0,0,0,0,0,0,0,0,0,0.2097678,38.03514878,66.3058553079,5.402061666,42.615747308
2015,Switzerland,0,0,0,0,0,0,0,0,0,0,0,0,0,0,0,36.637786305,11.47041298,7.420241557,2.32357431
2015,Thailand,0,0,0,0,0,0,0,0,0,0,0,0,0,0,0,0.108764,0.0847098,0.0161885,0.110361
2015,Turkey,0,0,0,0,0,0,0,0,0,0,0,0,0,0,0,2.155556,0.1699402,0.05366532,0.2772709
2015,UN Peacebuilding Fund,0,0,0,0,0,0,0,0,0,0,0,0,0,0,0,0,0,0,0.670915205
2015,UNAIDS,0,0,0,0,0,0,0,0,0,0,0,0,0,0,0,0.50681721,1.332206155,2.6708582919,1.0750864
2015,UNDP,0,0,0,0,0,0,0,0,0,0,0,0,0,0,0,11.364093369827,4.89357062,9.9878799069,8.65481844
2015,UNFPA,0,0,0,0,0,0,0,0,0,0,0,0,0,0,0,7.1330981332,6.54631788705,7.494400043724,5.7695210646344
2015,UNHCR,0,0,0,0,0,0,0,0,0,0,0,0,0,0,0,0,0,1.41175,0
2015,UNICEF,0,0,0,0,0,0,0,0,0,0,0,0,0,0,0,25.718585255,13.0280316348,49.588193197,20.702895915
2015,United Arab Emirates,0,0,0,0,0,0,0,0,0,0,0,0,0,0,0,3.761263945,2.15952404,0.3438652,1.03821223
2015,United Kingdom,0,0,0,0.308564,0.0171111,0,0.163681,0,0,0,0,0.143819,0.0133067,0,0.00502822,223.110545584,209.25852871202,352.647557088,165.66908871
2015,United States,0,0,0,0,0.432597,0.0331626,0.0257538,0.0593717,0,0,0,0.0252387,1.3223462,0.00149372,0.0626332,236.8204465584,733.82320336071,507.66655796735,426.5224418845
2015,WFP,0,0,0,0,0,0,0,0,0,0,0,0,0,0,0,3.1401079,11.8599152,0,9.227786
2015,World Health Organisation,0,0,0,0.01494576,0.00577012,0.0095935,0,0,0,0,0,0,0,0,0,5.46107812,6.395248249,5.83781464,2.3493359391
2016,Adaptation Fund,0,0,0,0,0,0,0,0,0,0,0,0,0,0,0,0,0,0,1.52727
2016,African Development Bank,0,0,0,0,0,0,0,0,0,0,0,0,0,0,0,0,0,0.2065475,0.127954
2016,African Development Fund,0,0,0,0,0,0,0,0,0,0,0,0,0,0,0,0,201.788216,56.01244,130.93948215
2016,Arcus Foundation,0,0,0,0,0,0,0,0,0,0,0,0,0,0,0,0,0.2623946,0.35553187,0.4718007
2016,Asian Development Bank,0,0,0,0,0,0,0,0,0,0,0,0,0,0,0,392.75089266,0,0,0
2016,Australia,0,0,0,0.2170619,0.0613462,0.07813533,0.20784328,0,0,0,0,0,0,0,0,36.1647708576,2.7062580029,1.7159295559,1.2816204399
2016,Austria,0,0,0,0,0,0,0.0456517,0,0,0,0,0,0,0,0,0.9209151,2.26999154,0.957957635,12.14607369
2016,Belgium,0,0,0,0,0,0,0.0108876,0.207946,0,2.29214,0,0,0,0.0859551,0,1.375309,20.31744633,1.30517418,19.04983581
2016,Bill & Melinda Gates Foundation,0,0,0,0,0,0,0,0,0,0,0,0,0,0.414343,0,26.57844597,42.534637162,146.2396367,47.35340404
2016,C&A Foundation,0,0,0,0,0,0,0,0,0,0,0,0,0,0,0,2.5665359,0,0,0
2016,Canada,0.516952,0,0,0,0,0.0157573,0,4.32145,0,0,0.2700179,0.1624626,0,0.124255,0,42.9545157441,39.397509259,36.44680598,5.9656590119
2016,Charity Projects Ltd (Comic Relief),0,0,0,0,0,0,0,0,0,0,0,0,0.229899,0,0,0,0.92789738,0.39270718,0.66296118
2016,Climate Investment Funds,0,0,0,0,0,0,0,0,0,0,0,0,0,0,0,0,1.321075,1.32302,0.284224
2016,Conrad N. Hilton Foundation,0,0,0,0,0,0,0,0,0,0,0,0,0,0,0,0,3.2131356,0,1.7272205
2016,Czech Republic,0,0,0,0,0,0,0,0,0,0,0,0,0,0,0,0.0131692,0.19911677,0.03936831,0.0867699
2016,Denmark,0,0,0,0,0,0,0,0,0,0,0,0,0,0,0,26.381839278,51.3151301,5.37647,43.312214675
2016,Dutch Postcode Lottery,0,0,0,0,0,0,0,0,0,0,0,0,0,0,0,2.41616,0,0,0
2016,EU Institutions,0,0,0.148286,0.840232,0.257321,0,0.444984,0,0,0,0,0.304106,0.285289,0,0,117.490676954,157.1113441199,161.2913017439,76.591396622
2016,Estonia,0,0,0,0,0,0,0,0,0,0,0,0,0.00351589,0,0.00351589,0,0.00937571,0,0.0433626
2016,Finland,0.0202938,0,0,0.00681497,0.03098491,0,0.049447203,0,0.52869699,0,0,0.06695696,0.14680534,1.70374,0.515158747,0.36390112,17.09368269,0.29186928,2.585505196
2016,France,0,0,0,0,0,0,0,0,0,0,0,0,0,0,0,18.795508527,90.48356467,60.51712475,14.489280017
2016,Gatsby Charitable Foundation,0,0,0,0,0,0,0,0,0,0,0,0,0,0,0,0,0.4225034,0,0
2016,Germany,0,0,0,0.7883911,0.1777789,0,0.0377727,0,0,0,0,3.44181773,0,0,0,62.222866617,89.30747724,74.837262612,48.754079317
2016,Global Alliance for Vaccines and Immunization,0,0,0,0,0,0,0,0,0,0,0,0,0,0,0,77.767127,31.1369483,130.7502446,52.8971072
2016,Global Environment Facility,0,0,0,0,0,0,0,0,0,0,0,0,0,0,0,5.946163,5.6893917,5.531289,5.0417836
2016,Global Fund,0,0,0,0,0,0,0,0,0,0,0,0,0,0,0,37.05473,108.32114,197.18529,199.12265
2016,Global Green Growth Institute,0,0,0,0,0,0,0,0,0,0,0,0,0,0,0,0,0,0,0.45092
2016,Greece,0,0,0,0,0,0,0,0,0,0,0,0,0,0,0,0,0.00705362,0,0.00501238
2016,Green Climate Fund,0,0,0,0,0,0,0,0,0,0,0,0,0,0,0,0,0,0,0
2016,H&M Foundation,0,0,0,0,0,0,0,0,0,0,0,0,0,0,0,1.246596,0,0,0
2016,Hungary,0,0,0,0,0,0,0,0,0,0,0,0,0,0,0,0.00880993,0.164153,1.2623992,0.7617397
2016,IFAD,0,0,0,0,0,0,0,0,0,0,0,0,0,0,0,51.306097,9.26469,21.84496,13.07448
2016,IMF (Concessional Trust Funds),0,0,0,0,0,0,0,0,0,0,0,0,0,0,0,0,0,0,0
2016,Iceland,0,0,0,0,0,0,0,0,0,0,0,0,0,0,0.0940684,0,0.114763,0,5.5013058
2016,International Atomic Energy Agency,0,0,0,0,0,0,0,0,0,0,0,0,0,0,0,0.837124,0.507322,0.517269,0.450158
2016,International Development Association,0,0,0,4.45446,0,0,0,0,0,0,0,0,0,0,0,1035.66489338,456.6856947086,801.87448967,182.4228821
2016,International Labour Organisation,0,0,0,0,0,0,0,0,0,0,0,0,0,0,0,1.30797819,0.41621074,0.5265399,0.369955
2016,Ireland,0,0,0,0,0,0,0.00226321,0,0,0,0.1643589,0,0.2102675,0,0,1.3296366,8.02074464,3.654093599,26.838833503
2016,Islamic Development Bank,0,0,0,0,0,0,0,0,0,0,0,0,0,0,0,21.06288,0.122283,3.313848,30.102094
2016,Israel,0,0,0,0,0,0,0,0,0,0,0,0,0,0,0,0,0.688216,0.161919,0.0600654
2016,Italy,0,0,0,0,0.44442714,0.018786,0.341688,0,0,0,0,0.0100771,0.0272245,0,0,0.24477482,6.409364513,0.07223653,3.81493829
2016,Japan,0,0,0,0,0,0,0,0,0,0,0,0,0,0,0,549.897334698,159.61199418,15.483600657,64.6805024016
2016,Korea,0.00950859,0,0,0.3747723,0,0,0,0,0,0,0,0,0,0,0,34.13525565,9.70226524,5.57392617,29.36900896
2016,Kuwait,0,0,0,0,0,0,0,0,0,0,0,0,0,0,0,40.3255134,2.731676,0,5.98177
2016,Luxembourg,0,0,0,0,0.103033,0,0,0,0,0,0,0,0,0,0,2.45746177,0.5189622,0.863407,0.0814059
2016,Malta,0,0,0,0,0,0,0,0,0,0,0,0,0,0,0,0,0.0479781,0.00703705,0.0263893
2016,MetLife Foundation,0,0,0,0,0,0,0,0,0,0,0,0,0,0,0,2.568451,0,0,0
2016,Netherlands,0,0,0,0,0,0.0303134,0,0,0,0,0,0,0,0.152754,0,39.42968547,21.28930075,7.94573006,17.7728215
2016,New Zealand,0,0,0,0,0,0,0,0,0,0,0,0.13653,0,0,0,0.0810275,0.8819042,0.328747,0.05599619
2016,Nordic Development Fund,0,0,0,0,0,0,0,0,0,0,0,0,0,0,0,0.320878,0.604534,0,0.356964
2016,Norway,0,0,0.125917,0,0.259978,0,0.7637358,0,0,0,0,0,0,0,2.3027196,3.005949725,10.84991798,16.53384089,43.211637627
2016,OPEC Fund for International Development,0,0,0,0,0,0,0,0,0,0,0,0,0,0,0,55.43962,1.988358,0,7.2414504
2016,Poland,0,0,0,0,0,0,0,0,0,0,0,0,0,0,0,0.002428,9.3620026,0.051515,0.04930401
2016,Portugal,0,0,0,0,0,0,0,0,0,0,0,0,0,0,0,0.001741844,0.00555056,0.02363848,0
2016,Romania,0,0,0,0,0,0,0,0,0,0,0,0,0,0,0,0.00878499,0.00827158,0.0948569,0.00240706
2016,Saudi Arabia,0,0,0,0,0,0,0,0,0,0,0,0,0,0,0,1.6373,0,0,0
2016,Slovak Republic,0,0,0,0,0.008692888,0,0,0,0.123197,0,0,0,0,0,0,0,2.049003987,0.0114185,0.01148039
2016,Slovenia,0,0,0,0,0,0,0,0,0,0,0,0,0,0,0,0.0065414,0,0,0.0355008
2016,Spain,0,0,0,0,0,0,0,0,0,0,0,0,0,0,0,0.17904954,0.7189846697,0.417345145,0.22487202
2016,Sweden,0,0,0,0.1802476,0,0,0,0,0,0,0,0,0.997129,0,0.236146,32.08874431,54.0492905083,25.110004379,45.184404121
2016,Switzerland,0,0,0,0,0,0,0,0,0,0,0,0,0,0,0,33.92252711094,9.509040111,11.078959512,2.0180214
2016,Thailand,0,0,0,0,0,0,0,0,0,0,0,0,0,0,0,0.167836,0.0677088,0.00866469,0.0934178
2016,Turkey,0,0,0,0,0,0,0,0,0,0,0,0,0,0,0,1.819137,1.7915662,0.679878,1.0473751
2016,UN Peacebuilding Fund,0,0,0,0,0,0,0,0,0,0,0,0,0,0,0,0,0,0,0.020615062
2016,UNAIDS,0,0,0,0,0,0,0,0,0,0,0,0,0,0,0,0.2201670398,1.389047821,2.43510521079,0.76841637
2016,UNDP,0,0,0,0,0,0,0,0,0,0,0,0,0,0,0,10.084637651,5.071848549,9.872668041,7.286117839
2016,UNFPA,0,0,0,0,0,0,0,0,0,0,0,0,0,0,0,7.0295837702,5.22916509,6.080035049,4.2683668564
2016,UNICEF,0,0,0,0,0,0,0,0,0,0,0,0,0,0,0,22.606799465,17.448701316441,58.98247403948,22.2136405524
2016,United Arab Emirates,0,0,0,0,0,0,0,0,0,0,0,0,0,0,0,29.87701889,3.09839559,0.9831524,1.67557367
2016,United Kingdom,0,0,0,0.499456,0.00186558,0.0197523,0.210219,0,0,0,0,0.13608798,0.138185,8.377849,2.149758,213.084682467,176.067456692,412.12426327,143.6362145911
2016,United States,0,0,0,0.0216162,1.71130554,0,0.0489603,0.000553321,0,0,0,0.023641,1.6026857,0.0306212,0.12492891,260.0260022669,822.69488528201,540.23837991032,550.41904702925
2016,WFP,0,0,0,0,0,0,0,0,0,0,0,0,0,0,0,1.13108598,5.91143941,1.4181247,6.7946158
2016,World Health Organisation,0,0,0,0.0536547,0,0,0,0,0,0,0,0,0,0,0,7.83654957,1.732250428,2.7174582,1.757816929
2017,African Development Bank,0,0,0,0,0,0,0,0,0,0,0,0,0,0,0,0,0,0.42876,0
2017,African Development Fund,0,0,0,0,0,0,0,0,0,0,0,0,0,0,0,0,199.0184,48.68266,74.87193
2017,Arcus Foundation,0,0,0,0,0,0,0,0,0,0,0,0,0,0,0,0,0.257,0.135521,0.397603
2017,Asian Development Bank,0,0,0,0,0,0,0,0,0,0,0,0,0,0,0,361.62344812,0,0,0
2017,Australia,0,0,0,0.176933139,0.002636222,0.000222239,0.061583291,0,0,0,0,0.00108821,0,0,0,46.5599679808,7.656591596,8.7807075271,7.1793104938
2017,Austria,0,0,0,0,0,0,0,0,0,0,0,0,0,0,0,1.57343877,6.711067664,0.90277142,14.325352039
2017,Azerbaijan,0,0,0,0,0,0,0,0,0,0,0,0,0,0,0,0.39412,0,0,0
2017,Belgium,0,0,0,0,0,0,0,0,0,0,0,0,0,0,0,1.14544701,24.713476018,10.8514625,22.33674054
2017,Bill & Melinda Gates Foundation,0,0,0,0,0,0,0,0,0,0,0,0,0,3.234024,0,31.04303871,47.95503424,151.21292859,34.85621228
2017,C&A Foundation,0,0,0,0,0,0,0,0,0,0,0,0,0,0,0,3.260675352,0.101493,0,0
2017,Canada,0.492604,0,0,0,0,0,0,0,0,0,0.1006825,0.2202747,0,0.1084354,0,38.30661495099,33.1168744127,56.36117005,18.567772726
2017,Central Emergency Response Fund,0,0,0,0,0,0.75,0,0,0,0,0,0,0,0,0,24.164863,10.32927,31.136636,14.986704
2017,Charity Projects Ltd (Comic Relief),0,0,0.2085973,0,0,0,0,0,0,0,0.100298,0,0.1673005,0,0.10804,0.54489938,3.03294231,0.314027849,4.147681246
2017,Children's Investment Fund Foundation,0,0,0,0,0,0,0,0,0,0,0,0,0,0,0,5.753153,16.2099052,13.794906,4.01223
2017,Climate Investment Funds,0,0,0,0,0,0,0,0,0,0,0,0,0,0,0,17.98492,3.27299,0,0
2017,Conrad N. Hilton Foundation,0,0,0,0,0,0,0,0,0,0,0,0,0,0,0,0.25,2.661472,0.189,2.318581
2017,Croatia,0,0,0,0,0,0,0,0,0,0,0,0,0,0,0,0,0.00374613,0,0
2017,Czech Republic,0,0,0,0,0,0,0,0,0,0,0,0,0,0,0,0.2387074,0.0635864,0.2725175,0.171046
2017,David & Lucile Packard Foundation,0,0,0,0,0,0,0,0,0,0,0,0,0,0,0,0.2125,1.291667,0,0.791667
2017,Denmark,0,0,0,0,0,0,0,0,0,0,0,0,0,0,0,38.870412828,48.243467744,5.6832656,56.293040138
2017,Dutch Postcode Lottery,0,0,0,0,0,0,0,0,0,0,0,0,0,0,0,0,0,0,0.563634
2017,EU Institutions,0,0,0.0495998,0.23999497,0,0,0.208996,0,0,0,0,0.32657,0,0,0.175335,140.876111256,169.46151697,278.170155005,154.853010592
2017,Estonia,0,0,0,0,0,0,0,0,0,0,0,0,0.0135272,0,0.0135272,0.0563634,0.01352724,0.0450907,0.0450907
2017,Finland,0.02244955,0,0,0.025802047,0.03751349,0,0.11997666,0.130312,0.508789707,0,0,0.000782324,0.0762034,0,1.34185781,0.780481417,15.519762871,2.5052977,3.479526508
2017,Ford Foundation,0,0,0,0,0,0.2,0,0,0,0,0,0,0.05,0.3,0,0.08,10.5497,7.3596378,2.52
2017,France,0,0,0,0.338181,0,0,0.338181,0,0,0,0,0,0,0,0,24.631962688,78.13422844,77.03654996,52.02135203
2017,Gatsby Charitable Foundation,0,0,0,0,0,0,0,0,0,0,0,0,0,0,0,0,1.2001008,0,0
2017,Germany,0,0,0,0.77456467,0.16009078,0,0.169098,0,0,0,0,0.728646,0,0.562507,0,86.8935681,125.04597096,289.82279271,67.51455809
2017,Global Alliance for Vaccines and Immunization,0,0,0,0,0,0,0,0,0,0,0,0,0,0,0,76.87003,32.28821,121.98061,30.24415
2017,Global Environment Facility,0,0,0,0,0,0,0,0,0,0,0,0,0,0,0,2.44275272,2.3099092,2.2422424,4.76759494
2017,Global Fund,0,0,0,0,0,0,0,0,0,0,0,0,0,0,0,60.323566,168.62674,287.36005,117.2909
2017,Global Green Growth Institute,0,0,0,0,0,0,0,0,0,0,0,0,0,0,0,0,0,0,1.05534
2017,Grameen Cr√©dit Agricole Foundation,0,0,0,0,0,0,0,0,0,0,0,0,0,0,0,0,0.669331,0,0
2017,Greece,0,0,0,0,0,0,0,0,0,0,0,0,0,0,0,0,0.00995378,0,0.00701161
2017,H&M Foundation,0,0,0,0,0,0,0,0,0,0,0,0,0,0,0,1.488004,0,0,0
2017,Hungary,0,0,0,0,0,0,0,0,0,0,0,0,0,0,0,0.02820213,0.2028987,1.3672408,0.071806
2017,IFAD,0,0,0,0,0,0,0,0,0,0,0,0,0,0,0,38.23835,24.942292,34.36207,17.7659
2017,IMF (Concessional Trust Funds),0,0,0,0,0,0,0,0,0,0,0,0,0,0,0,0,0,0,0
2017,Iceland,0,0,0,0,0,0,0,0,0,0,0,0,0,0,0,0,0.07489,0,5.165262
2017,International Atomic Energy Agency,0,0,0,0,0,0,0,0,0,0,0,0,0,0,0,0.45093,0.473938,0.46971,1.06682
2017,International Development Association,0,0,0,-0.109393,0,0,0,0,0,0,0,0,0,0,0,1332.3169699,576.7273393,820.60807267,268.24924535
2017,International Labour Organisation,0,0,0,0,0,0,0,0,0,0,0,0,0,0,0,1.26518,0.36868,0.6673,0.33227
2017,Ireland,0,0,0,0,0,0,0,0,0,0,0.1251101,0,0.1384816,0,0.0355866,2.1939692,7.45666652,4.153299811,27.892518622
2017,Islamic Development Bank,0,0,0,0,0,0,0,0,0,0,0,0,0,0,0,15.81998,0.54342,4.87323,17.52155
2017,Italy,0,0,0,0.00397836,0.71362759,0.023853,0.0284928,0,0.36108,0,0,0.020707,0.0517698,0,0,0.93888908,12.7420157264,3.97088315,4.1761296
2017,Japan,0,0,0,0,0.0790384,0,0,0,0,0,0,0,0,0,0,1421.650054652,162.606758712,23.055443964,64.582162836
2017,John D. & Catherine T. MacArthur Foundation,0,0,0,0,0,0,0,0,0,0,0,0,0,0,0,0,0.467,14.662538,1.485
2017,Korea,0,0,0,0.981203,0.116524,0,0,0,0,0,0,0,0,0,0.053068,39.818111,11.400191,8.648133,29.170985
2017,Kuwait,0,0,0,0,0,0,0,0,0,0,0,0,0,0,0,18.4840854,4.273709,0,5.43257
2017,Lithuania,0,0,0,0,0,0,0,0,0,0,0,0,0,0,0,0.00261526,0,0.02424759,0
2017,Luxembourg,0,0,0,0,0,0,0,0,0,0,0,0.0371999,0,0,0,3.5221265,0.24052551,0.6521416,0.232915
2017,Malta,0,0,0,0,0,0,0,0,0,0,0,0,0,0,0,0,0.0121496,0.0229275,0
2017,MasterCard Foundation,0,0,0,0,0,0,0,0,0,0,0,0,0,0,0,0,12.775,2.78959,33.947175
2017,MetLife Foundation,0,0,0,0,0,0,0,0,0,0,0,0,0,0,0,3.91322,0,0,0
2017,Netherlands,0,0,0,0,0.207872,0.0987002,0,0,0,0,0,0,0,0.0949662,0,49.62976945,21.88790414,20.11691432,19.0699065
2017,New Zealand,0,0,0,0,0,0,0,0,0,0,0,0.0810004,0,0,0,0.0774478,1.64914,1.9219833,0.0305528
2017,Nordic Development Fund,0,0,0,0,0,0,0,0,0,0,0,0,0,0,0,0,0.198224,0,0.400926
2017,Norway,0,0,0.0231746,0,0,0,0.95869937,0,0,0,0,0.01369512,0,0,2.199374146,13.533504236,11.943272512,34.3908878,26.832618122
2017,OPEC Fund for International Development,0,0,0,0,0,0,0,0,0,0,0,0,0,0,0,12.57787,4.2002,0,3.63506
2017,Oak Foundation,0,0,0,0,0,0,0,0,0,0,0,0,0,0,0,0,0,0,1.3
2017,"Omidyar Network Fund, Inc.",0,0,0,0,0,0,0,0,0,0,0,0,0,0,0,0,0,1.165724,0
2017,Poland,0,0,0,0,0.21162,0,0,0,0,0,0,0,0,0,0,0.122774,1.6580925,0.1894417,0.0127008
2017,Portugal,0,0,0,0,0,0,0,0,0,0,0,0,0,0,0,0.01380905,0.045706261,0.00659678,0
2017,Romania,0,0,0,0,0,0,0,0,0,0,0,0,0,0,0,0.0088161,0.00668517,0.0835191,0.003051302
2017,Russia,0,0,0,0,0,0,0,0,0,0,0,0,0,0,0,0,1,0,0
2017,Saudi Arabia,0,0,0,0,0,0,0,0,0,0,0,0,0,0,0,5.1559,0,0.45539,0
2017,Slovak Republic,0,0,0,0,0.00085,0,0,0,0.00221,0,0,0,0.20291,0,0,0.13817,1.27148,0,0.04597
2017,Slovenia,0,0,0,0,0,0,0,0,0,0,0,0,0,0,0,0.0338181,0.0304363,0,0.0789088
2017,Spain,0,0,0,0,0,0.00505016,0,0,0.0135272,0,0,0,0,0,0,0.33807357,0.591370933,1.963984336,0.557038636
2017,Sweden,0,0,0,0.171015,0,0,0,0,0,0,0,0,1.8350531,0,0,53.35879003,61.54164644,29.6767322,57.36491672
2017,Swedish Postcode Lottery,0,0,0,0,0,0,0,0,0,0,0,0,0,0,0,0,0,0,2.808
2017,Switzerland,0,0,0,0,0,0,0,0,0,0,0,0,0,0.81243,0,39.47976261179,12.24093060575,15.274128206,3.148648697
2017,Thailand,0,0,0,0,0,0,0,0,0,0,0,0,0,0,0,0.513285,0.171204,0.0890903,0.0993027
2017,Turkey,0,0,0,0,0,0,0,0,0,0,0,0,0,0,0,5.58,1.97,1.1,2.49163
2017,UN Peacebuilding Fund,0,0,0,0,0,0,0,0,0,0,0,0,0,0,0,0,0,0,0.02089
2017,UNAIDS,0,0,0,0,0,0,0,0,0,0,0,0,0,0,0,0.1307,1.4984,2.2248,0.9416
2017,UNDP,0,0,0,0,0,0,0,0,0,0,0,0,0,0,0,7.28984948,4.03950524,5.25682558,7.30733869
2017,UNFPA,0,0,0,0,0,0,0,0,0,0,0,0,0,0,0,5.15232868,3.05700819,6.10219398,3.00296326
2017,UNHCR,0,0,0,0,0,0,0,0,0,0,0,0,0,0,0,0,3.63641,0,0
2017,UNICEF,0,0,0,0,0,0,0,0,0,0,0,0,0,0,0,21.112,16.243,55.187,24.886
2017,United Arab Emirates,0,0,0,0,0,0,0,0,0,0,0,0,0,0,0,12.569,4.632,0.269,3.771
2017,United Kingdom,0,0,0,0.364531,0.0886971,0.00957443,0.1920235,0,0,0,0,0.4481073,0.271962,17.4379228,15.7295834,225.631623935,198.88771995,404.34261520871,165.573916408
2017,United States,0,0,0,0,2.40308,0.00065,0.18195,0,0,0,0.01,0.04008,2.28865,0,0.20468,279.40684,856.69116,729.21601,640.95325
2017,WFP,0,0,0,0,0,0,0,0,0,0,0,0,0,0,0,0.63673,7.92543,18.5135,13.44666
2017,Wellcome Trust,0,0,0,0,0,0,0,0,0,0,0,0,0,0,0,0,3.622799,0,0.3919518
2017,William & Flora Hewlett Foundation,0,0,0,0,0,0,0,0,0,0,0,0,0,0,0,0,3.7381024,0.334,2.4658334
2017,World Health Organisation,0,0,0,0.04084009,0,0,0,0,0,0,0,0,0,0,0,4.67039475,2.25899435,4.5121563,1.51676333
